Traces_Median_Delta_From_Traces_Elapsed_Time_null,UNIT_CATEGORY,RemainingTime,Traces_Mean_Delta_From_Traces_Elapsed_Time_null,NumExecution_Current_Activity,Count_Concurrent_Instances,CONTAINER_TYPE,UNIT_FREIGHT_KIND,Median_Elapsed_Time_Concurrent_Instances,LINE_OPERATOR,Mean_Elapsed_Time_Concurrent_Instances,UNIT_GKEY,Trace_Start_Time,CLASS
6560000,EXPRT,?,-15444046,?,3614,20RG,MTY,167426000,4185,180664905,2672679418,?,'[3.11746E8,3.649E8['
-13281000,EXPRT,?,-70376380,?,624,20RG,MTY,53026000,4185,33536064,2672668978,?,'[3.11746E8,3.649E8['
-15572000,EXPRT,?,-72716182,?,624,40HC,FCL,10627500,4281,32447967,2672750229,?,'[5.20066E8,6.24443E8['
-16444000,EXPRT,?,-73436714,?,624,20RG,MTY,11386000,4185,33148828,2672767215,?,'[4.6604E8,5.20066E8['
-1197000,EXPRT,?,-78585043,?,629,40RG,MTY,52547000,4185,50539723,2672651228,?,'[5.20066E8,6.24443E8['
-1197500,EXPRT,?,-77503379,?,624,20RG,MTY,54590000,4076,47714857,2672679146,?,'[2.17554E8,2.24119E8['
-15313000,EXPRT,?,-71564181,?,624,20RG,MTY,56793000,4076,34656889,2672711698,?,'[2.13063E8,2.17554E8['
-13281000,EXPRT,?,-70371485,?,624,20RG,MTY,52973000,4185,33496620,2672729482,?,'[4.6604E8,5.20066E8['
-14919000,EXPRT,?,-70778206,?,624,20RG,MTY,33413000,4185,33619396,2672759052,?,'[3.11746E8,3.649E8['
-4965000,EXPRT,?,-72718124,?,624,20RG,MTY,57544000,4076,36139340,2672684569,?,'[2.17554E8,2.24119E8['
-14919000,EXPRT,?,-70470760,?,624,40HC,MTY,55147500,4185,34003781,2672715054,?,'[1.058038E9,1.522382E9['
-16587500,EXPRT,?,-73949825,?,624,20RG,MTY,12100000,4103,33618966,2672727793,?,'[6.24443E8,1.058038E9['
-16462500,EXPRT,?,-73624473,?,624,20RG,MTY,11668000,4185,33203352,2672817447,?,'[4.6604E8,5.20066E8['
-15928500,EXPRT,?,-73105642,?,624,40HC,FCL,10729000,4173,32642307,2672724663,?,'[3.649E8,4.6604E8['
-15379000,EXPRT,?,-71249679,?,624,20RG,MTY,56600000,4103,34342324,2672738810,?,'[6.24443E8,1.058038E9['
-14153000,EXPRT,?,-70238959,?,624,40OT,MTY,33346000,4103,33546007,2672727548,?,'[6.24443E8,1.058038E9['
-16477000,EXPRT,?,-73399237,?,626,40RG,FCL,13146000,4185,34261699,2672829858,?,'[4.6604E8,5.20066E8['
0,EXPRT,?,-7416783,?,3677,40HC,FCL,170620000,4060,151517576,2672886697,?,'[3.11746E8,3.649E8['
-14919000,EXPRT,?,-70688374,?,624,20RG,MTY,56532000,4173,34270972,2672719986,?,'[3.649E8,4.6604E8['
0,EXPRT,?,-15768709,?,3720,20RG,MTY,169978000,4185,140864699,2672772270,?,'[7.8491E7,2.13063E8['
0,EXPRT,?,-47425134,?,9663,20RG,MTY,88110500,4103,94719905,2672785067,?,'[4.6604E8,5.20066E8['
-15984000,EXPRT,?,-73912540,?,624,40HC,FCL,10727000,4173,32857836,2672717848,?,'[3.649E8,4.6604E8['
-14549500,EXPRT,?,-70861316,?,624,40HC,FCL,53216000,4185,33898282,2672748302,?,'[7.8491E7,2.13063E8['
-15181500,EXPRT,?,-71655680,?,624,20RG,MTY,10588000,4076,32731608,2672780070,?,'[2.13063E8,2.17554E8['
-15083000,EXPRT,?,-70520153,?,624,20RG,MTY,53162000,4076,33840676,2672727650,?,'[2.13063E8,2.17554E8['
-16519000,EXPRT,?,-73732177,?,624,40RH,MTY,12832000,4185,34147850,2672842977,?,'[1.058038E9,1.522382E9['
-1194000,EXPRT,?,-30534781,?,3610,40HC,FCL,166601000,4060,181046748,2672886652,?,'[3.649E8,4.6604E8['
6756500,EXPRT,?,-12417102,?,3615,40RG,MTY,167648000,4037,180879637,2672647424,?,'[3.649E8,4.6604E8['
-16587500,EXPRT,?,-73147271,?,626,20RG,MTY,15444000,4185,36020575,2672783096,?,'[3.649E8,4.6604E8['
-1197500,EXPRT,?,-77506261,?,624,20RG,MTY,54597000,4076,47721290,2672676733,?,'[2.24119E8,3.11746E8['
0,EXPRT,?,-25155886,?,4657,20RG,FCL,12258000,4185,87907721,2672796502,?,'[2.24119E8,3.11746E8['
0,EXPRT,?,-19856508,?,3766,20RG,MTY,170410000,4047,130293365,2672781251,?,'[6.24443E8,1.058038E9['
0,EXPRT,?,-9467661,?,3680,20RG,MTY,170508000,4047,149337051,2672781306,?,'[6.24443E8,1.058038E9['
0,EXPRT,?,-17923278,?,3736,40HC,FCL,170134500,4185,138811973,2672869993,?,'[7.8491E7,2.13063E8['
-14549500,EXPRT,?,-70505724,?,624,20RG,MTY,53277000,4076,33958964,2672747823,?,'[2.13063E8,2.17554E8['
-15684000,EXPRT,?,-73129366,?,624,40HC,FCL,10726500,4185,32546669,2672748392,?,'[7.8491E7,2.13063E8['
-1199000,EXPRT,?,-77755776,?,624,20RG,MTY,54318000,4103,48440966,2672671464,?,'[6.24443E8,1.058038E9['
129736000,EXPRT,?,32865678,?,3622,20RG,FCL,168747000,4185,177301834,2672791768,?,'[2.24119E8,3.11746E8['
-10880000,EXPRT,?,-70486052,?,624,20RG,FCL,52717500,4060,33421762,2672738997,?,'[3.649E8,4.6604E8['
-15959000,EXPRT,?,-75387697,?,624,20RG,MTY,57969000,4185,36562865,2672679019,?,'[3.11746E8,3.649E8['
-14153000,EXPRT,?,-70211271,?,624,40HC,FCL,33364000,4076,33572305,2672767244,?,'[2.13063E8,2.17554E8['
-16555000,EXPRT,?,-73079416,?,626,20RG,MTY,13327000,4185,34434643,2672775516,?,'[4.6604E8,5.20066E8['
0,EXPRT,?,14912546,?,3632,20RG,MTY,169300000,4103,165661715,2672890780,?,'[5.20066E8,6.24443E8['
-16390000,EXPRT,?,-72792114,?,624,20RG,MTY,12455000,4103,33809828,2672829940,?,'[6.24443E8,1.058038E9['
-16417000,EXPRT,?,-74040591,?,624,20RG,MTY,10993000,4076,32997496,2672794236,?,'[2.13063E8,2.17554E8['
90753000,EXPRT,?,30875395,?,3627,20RG,FCL,168966000,4185,175128770,2672791884,?,'[2.24119E8,3.11746E8['
-15898000,EXPRT,?,-75000679,?,624,20RG,MTY,58050000,4076,36647917,2672696509,?,'[2.17554E8,2.24119E8['
6756500,EXPRT,?,-5277521,?,3615,40HC,MTY,167887000,4173,180004760,2672902625,?,'[2.24119E8,3.11746E8['
-15406000,EXPRT,?,-72385297,?,624,20RG,MTY,11937000,4076,33002381,2672781105,?,'[2.13063E8,2.17554E8['
-15247000,EXPRT,?,-71004493,?,624,40HC,MTY,55225500,4185,34082767,2672719026,?,'[1.058038E9,1.522382E9['
0,EXPRT,?,-9099817,?,3680,20RG,MTY,170516000,4185,149834169,2672951132,?,'[7.8491E7,2.13063E8['
-15379000,EXPRT,?,-72014247,?,624,20RG,MTY,57507000,4076,35025359,2672711798,?,'[2.13063E8,2.17554E8['
-16498000,EXPRT,?,-72702854,?,624,40HC,MTY,12698000,4185,34031035,2672817371,?,'[1.058038E9,1.522382E9['
0,EXPRT,?,-37323453,?,11163,20RG,MTY,146637000,4037,138749276,2672834155,?,'[2.24119E8,3.11746E8['
-15628000,EXPRT,?,-72866785,?,624,20RG,MTY,57715000,4076,35502556,2672711754,?,'[2.17554E8,2.24119E8['
-15406000,EXPRT,?,-71927082,?,624,40RG,FCL,57520000,4076,35046626,2672753056,?,'[2.17554E8,2.24119E8['
-915000,EXPRT,?,-50774217,?,6499,40HC,FCL,38910000,4185,80681187,2672903172,?,'[2.24119E8,3.11746E8['
6756500,EXPRT,?,-3924354,?,3619,40HC,MTY,167893000,4037,179348701,2672868430,?,'[3.649E8,4.6604E8['
-16089000,EXPRT,?,-73917230,?,624,20RG,MTY,10676000,4185,32800603,2672686370,?,'[3.11746E8,3.649E8['
-4965000,EXPRT,?,-72744222,?,624,20RG,MTY,57517000,1365373081,36121187,2672720146,?,'[1.058038E9,1.522382E9['
-16537000,EXPRT,?,-73695243,?,624,20RG,MTY,12176000,4103,33390382,2672790186,?,'[6.24443E8,1.058038E9['
-15313000,EXPRT,?,-71488262,?,624,40HC,FCL,56860000,4185,34725246,2672748347,?,'[7.8491E7,2.13063E8['
0,EXPRT,?,-20411112,?,3767,20RG,MTY,170562000,4047,129961389,2672782238,?,'[6.24443E8,1.058038E9['
-15898000,EXPRT,?,-74624569,?,624,20RG,MTY,57901000,4103,36490812,2672663849,?,'[6.24443E8,1.058038E9['
6953000,EXPRT,?,-3554801,?,3612,20RG,MTY,167235000,4103,181281692,2672857944,?,'[5.20066E8,6.24443E8['
-15684000,EXPRT,?,-75217421,?,624,20RG,MTY,57922000,4076,36519202,2672691911,?,'[2.17554E8,2.24119E8['
-15116000,EXPRT,?,-71715030,?,624,20RG,MTY,10609000,4185,32615335,2672727698,?,'[3.11746E8,3.649E8['
-16127000,EXPRT,?,-73981223,?,624,20RG,MTY,10490500,4185,32824049,2672741021,?,'[3.11746E8,3.649E8['
-16498000,EXPRT,?,-73609774,?,625,20RG,MTY,13082000,4185,34196737,2672702347,?,'[4.6604E8,5.20066E8['
-16578500,EXPRT,?,-73874607,?,624,40HC,FCL,12024000,4076,33552729,2672778781,?,'[2.13063E8,2.17554E8['
-16537000,EXPRT,?,-73171994,?,626,40HC,MTY,13812000,4173,34713386,2672857172,?,'[3.649E8,4.6604E8['
-16444000,EXPRT,?,-73781985,?,624,20RG,MTY,11201000,4076,32969920,2672797466,?,'[2.13063E8,2.17554E8['
-832000,EXPRT,?,-50606404,?,6393,40HC,FCL,50292000,4185,87211022,2672903247,?,'[2.24119E8,3.11746E8['
-15959000,EXPRT,?,-74607906,?,624,20RG,MTY,58022000,4076,36196614,2672698969,?,'[2.17554E8,2.24119E8['
6560000,EXPRT,?,-10166114,?,3611,20RG,MTY,166974000,4103,181010298,2672790133,?,'[5.20066E8,6.24443E8['
-13281000,EXPRT,?,-70351858,?,624,20RG,FCL,52962000,4060,33486900,2672734075,?,'[3.649E8,4.6604E8['
-15313000,EXPRT,?,-71518333,?,624,20RG,MTY,56804000,4173,34670277,2672720102,?,'[3.649E8,4.6604E8['
-12080500,EXPRT,?,-73141123,?,624,40RG,MTY,57445000,4103,36323513,2672724359,?,'[3.649E8,4.6604E8['
-15572000,EXPRT,?,-73434905,?,624,20RG,MTY,57833000,4103,36430220,2672692064,?,'[6.24443E8,1.058038E9['
-15406000,EXPRT,?,-72372824,?,624,40HC,FCL,11939000,4173,32989226,2672704872,?,'[3.649E8,4.6604E8['
-13281000,EXPRT,?,-70360465,?,624,20RG,MTY,53025000,4185,33548615,2672729438,?,'[4.6604E8,5.20066E8['
-14919000,EXPRT,?,-70675484,?,624,20RG,MTY,56535000,4076,34272974,2672716625,?,'[2.13063E8,2.17554E8['
-1198000,EXPRT,?,-77098017,?,624,20RG,MTY,54761000,4076,45990362,2672679318,?,'[2.17554E8,2.24119E8['
-944000,EXPRT,?,-51498653,?,6499,40HC,FCL,35041000,4185,77100220,2672827256,?,'[2.24119E8,3.11746E8['
6756500,EXPRT,?,-12599286,?,3615,40RG,MTY,167645000,4103,180893004,2672750109,?,'[7.8491E7,2.13063E8['
-16176500,EXPRT,?,-73782501,?,624,20RG,MTY,10779000,4185,32935863,2672759096,?,'[4.6604E8,5.20066E8['
-16448000,EXPRT,?,-73613242,?,624,20RG,FCL,12060000,4060,33421888,2672751641,?,'[5.20066E8,6.24443E8['
-14919000,EXPRT,?,-70456381,?,624,20RG,MTY,55148500,4076,34005441,2672717939,?,'[2.13063E8,2.17554E8['
0,EXPRT,?,5996241,?,3641,20RG,MTY,169343000,4185,161100047,2672813894,?,'[2.24119E8,3.11746E8['
-16595500,EXPRT,?,-73091828,?,626,40HC,FCL,15216000,4060,35801283,2672842848,?,'[5.20066E8,6.24443E8['
-15628000,EXPRT,?,-73355052,?,624,20RG,MTY,57628000,4076,35415900,2672712572,?,'[2.17554E8,2.24119E8['
0,EXPRT,?,-6506298,?,3670,40RG,MTY,170204000,4103,152430786,2672865643,?,'[7.8491E7,2.13063E8['
6953000,EXPRT,?,-3794251,?,3612,20RG,MTY,167122000,4103,181164532,2672835694,?,'[5.20066E8,6.24443E8['
-1199000,EXPRT,?,-77253996,?,624,20RG,MTY,54478000,4185,48372676,2672669022,?,'[4.6604E8,5.20066E8['
0,EXPRT,?,15002848,?,3628,20RG,MTY,169159000,4103,166164724,2672889406,?,'[1.058038E9,1.522382E9['
125116000,EXPRT,?,33895194,?,3623,20RG,MTY,168939000,4185,177485536,2672747766,?,'[2.24119E8,3.11746E8['
-16537000,EXPRT,?,-73196856,?,626,40RG,MTY,13873000,4103,34796903,2672750002,?,'[3.11746E8,3.649E8['
-16312000,EXPRT,?,-73798603,?,624,20RG,MTY,11077000,4103,32844756,2672791765,?,'[6.24443E8,1.058038E9['
-12725000,EXPRT,?,-70483619,?,624,20RG,MTY,52767500,4185,33465660,2672707682,?,'[4.6604E8,5.20066E8['
-1198000,EXPRT,?,-77068115,?,624,20RG,MTY,54773000,4076,46002367,2672679372,?,'[2.17554E8,2.24119E8['
-16519000,EXPRT,?,-72972248,?,624,20RG,MTY,12521000,4103,33862028,2672750180,?,'[6.24443E8,1.058038E9['
-4965000,EXPRT,?,-72742390,?,624,40HC,MTY,57534000,4037,36139306,2672727838,?,'[5.20066E8,6.24443E8['
-16587500,EXPRT,?,-73934095,?,624,20RG,MTY,12096000,4076,33628757,2672798531,?,'[7.8491E7,2.13063E8['
0,EXPRT,?,-18004131,?,3733,20RG,MTY,170141000,4103,139360480,2672842841,?,'[5.20066E8,6.24443E8['
-15628000,EXPRT,?,-73291781,?,624,20RG,MTY,57602000,4076,35486695,2672704022,?,'[2.17554E8,2.24119E8['
-1199000,EXPRT,?,-78258657,?,624,20RG,MTY,54270000,4103,48388438,2672660894,?,'[6.24443E8,1.058038E9['
-15959000,EXPRT,?,-73710937,?,624,20RG,MTY,10642000,4185,32780262,2672759003,?,'[3.11746E8,3.649E8['
-15628000,EXPRT,?,-73815031,?,624,20RG,MTY,57695000,4076,35581451,2672712493,?,'[2.17554E8,2.24119E8['
-16444000,EXPRT,?,-73586640,?,624,20RG,MTY,12073000,4076,33444843,2672798616,?,'[7.8491E7,2.13063E8['
0,EXPRT,?,-2958801,?,3660,40RG,MTY,170064000,4045,158247215,2672829861,?,'[3.649E8,4.6604E8['
-16417000,EXPRT,?,-74025999,?,624,40HC,FCL,11019000,4281,33020854,2672780012,?,'[5.20066E8,6.24443E8['
-15959000,EXPRT,?,-74418159,?,624,20RG,MTY,57879000,4076,35980687,2672703942,?,'[2.17554E8,2.24119E8['
-16390000,EXPRT,?,-74004009,?,624,20RG,MTY,11950000,4185,33395660,2672777088,?,'[4.6604E8,5.20066E8['
-16390000,EXPRT,?,-73798767,?,624,20RG,MTY,11104000,4076,32871770,2672792066,?,'[2.13063E8,2.17554E8['
-15959000,EXPRT,?,-74529481,?,624,20RG,MTY,58139000,4076,36736911,2672696416,?,'[2.17554E8,2.24119E8['
-923000,EXPRT,?,-50932135,?,6499,40HC,FCL,38588000,4185,80359186,2672903127,?,'[2.24119E8,3.11746E8['
-15379000,EXPRT,?,-72341726,?,624,20RG,MTY,11949000,4185,33013152,2672775613,?,'[3.11746E8,3.649E8['
-16089000,EXPRT,?,-74439918,?,624,20RG,MTY,57861000,4185,35956630,2672679215,?,'[4.6604E8,5.20066E8['
-16176500,EXPRT,?,-73440758,?,624,20RG,MTY,10806000,4047,32797652,2672727749,?,'[1.058038E9,1.522382E9['
-16462500,EXPRT,?,-73520597,?,624,40HC,FCL,12904000,4037,34038505,2672813886,?,'[5.20066E8,6.24443E8['
6756500,EXPRT,?,-10878702,?,3619,40RG,MTY,168105000,4103,178808830,2672896697,?,'[7.8491E7,2.13063E8['
-14095000,EXPRT,?,-70422826,?,624,40HC,MTY,52868500,4047,33569408,2672756275,?,'[4.6604E8,5.20066E8['
-13281000,EXPRT,?,-70061526,?,624,40HC,MTY,52929000,4037,33454228,2672738953,?,'[5.20066E8,6.24443E8['
-16390000,EXPRT,?,-73776575,?,624,20RG,MTY,11148000,4076,32915473,2672790228,?,'[2.13063E8,2.17554E8['
-16519000,EXPRT,?,-73206895,?,626,20RG,MTY,14332000,4103,34993606,2672826870,?,'[6.24443E8,1.058038E9['
0,EXPRT,?,-37046097,?,10590,40RG,FCL,142668000,4185,138658902,2672739596,?,'[7.8491E7,2.13063E8['
0,EXPRT,?,3001842,?,3654,40HC,FCL,169699000,4103,160716253,2672729382,?,'[3.11746E8,3.649E8['
-15791000,EXPRT,?,-73239348,?,624,20RG,FCL,10817000,4060,32730302,2672724414,?,'[5.20066E8,6.24443E8['
-836000,EXPRT,?,-49546941,?,6415,40RH,FCL,75222500,4185,110059043,2672757746,?,'[7.8491E7,2.13063E8['
-1197000,EXPRT,?,-78550921,?,629,20RG,MTY,52554000,4047,50541899,2672644300,?,'[1.058038E9,1.522382E9['
-16537000,EXPRT,?,-74185217,?,624,40RG,FCL,11874000,4103,33401865,2672774579,?,'[5.20066E8,6.24443E8['
-818000,EXPRT,?,-48520159,?,6400,20RG,FCL,73599000,4060,109889392,2672757905,?,'[7.8491E7,2.13063E8['
-856000,EXPRT,?,-50605223,?,6499,40HC,FCL,40689000,4185,82460185,2672903082,?,'[2.24119E8,3.11746E8['
-16390000,EXPRT,?,-73794031,?,624,20RG,MTY,11170000,4103,32922103,2672709661,?,'[6.24443E8,1.058038E9['
-16312000,EXPRT,?,-73761033,?,624,20RG,MTY,11173000,4076,32941915,2672797416,?,'[2.13063E8,2.17554E8['
0,EXPRT,?,-842854,?,3659,20RG,MTY,169976500,4103,160114307,2672873262,?,'[5.20066E8,6.24443E8['
9586000,EXPRT,?,28031137,?,3627,20RG,MTY,169045000,4185,173839239,2672834922,?,'[2.24119E8,3.11746E8['
-16595500,EXPRT,?,-73086292,?,626,40HC,MTY,15255000,4173,35847358,2672874236,?,'[3.649E8,4.6604E8['
-16462500,EXPRT,?,-73612374,?,624,20RG,MTY,11688000,4185,33223059,2672814908,?,'[4.6604E8,5.20066E8['
-15379000,EXPRT,?,-78070929,?,624,40HC,FCL,56404000,4076,40686059,2672679066,?,'[2.17554E8,2.24119E8['
-16537000,EXPRT,?,-73234822,?,626,20RG,FCL,14270000,4060,35013735,2672845341,?,'[3.649E8,4.6604E8['
0,EXPRT,?,-7163053,?,3676,40HC,FCL,170441500,4185,151601056,2672870077,?,'[7.8491E7,2.13063E8['
0,EXPRT,?,-20291569,?,3766,20RG,MTY,170497000,4047,130470804,2672782289,?,'[6.24443E8,1.058038E9['
6560000,EXPRT,?,-15384047,?,3614,20RG,MTY,167459000,4185,180704090,2672715010,?,'[3.11746E8,3.649E8['
-16176500,EXPRT,?,-73668306,?,624,40HC,MTY,10900000,4185,32897189,2672757742,?,'[1.058038E9,1.522382E9['
-16108000,EXPRT,?,-75310859,?,624,20RG,MTY,58044000,4076,36486647,2672698909,?,'[2.17554E8,2.24119E8['
-16498000,EXPRT,?,-73667511,?,624,20RG,MTY,12210000,4103,33410410,2672714966,?,'[6.24443E8,1.058038E9['
-15628000,EXPRT,?,-72734485,?,624,20RG,MTY,14142000,4185,33516031,2672729356,?,'[3.11746E8,3.649E8['
-15628000,EXPRT,?,-73332858,?,624,40HC,FCL,57631000,4076,35418897,2672712500,?,'[2.17554E8,2.24119E8['
-4965000,EXPRT,?,-78159845,?,624,20RG,MTY,56204000,4076,42558476,2672687186,?,'[2.17554E8,2.24119E8['
-16139000,EXPRT,?,-73660858,?,624,20RG,MTY,10561000,4103,32721973,2672779013,?,'[6.24443E8,1.058038E9['
-16537000,EXPRT,?,-73188877,?,626,20RG,MTY,13827000,4185,34757535,2672781200,?,'[4.6604E8,5.20066E8['
-14153000,EXPRT,?,-70302584,?,624,20RG,MTY,33277000,4185,33478295,2672732075,?,'[3.11746E8,3.649E8['
6756500,EXPRT,?,-8170176,?,3619,40HC,MTY,168224000,4185,178910507,2672811524,?,'[6.24443E8,1.058038E9['
0,EXPRT,?,-24296752,?,4898,40HC,MTY,12971000,4047,83292998,2672893798,?,'[2.24119E8,3.11746E8['
-15379000,EXPRT,?,-72328298,?,624,40HC,FCL,11981000,4173,33040814,2672756273,?,'[3.649E8,4.6604E8['
-16537000,EXPRT,?,-72673059,?,626,40HC,FCL,15609000,4060,35990029,2672857871,?,'[4.6604E8,5.20066E8['
0,EXPRT,?,-21481773,?,4106,40HC,MTY,11784500,4095,94302103,2672861626,?,'[7.8491E7,2.13063E8['
0,EXPRT,?,-23120385,?,4686,20RG,FCL,12489000,4185,85385383,2672783119,?,'[2.24119E8,3.11746E8['
-1199000,EXPRT,?,-77659674,?,624,20RG,MTY,54474000,4103,48348370,2672623119,?,'[6.24443E8,1.058038E9['
-830500,EXPRT,?,-48704237,?,6405,40HC,FCL,74466000,4060,110453806,2672758035,?,'[7.8491E7,2.13063E8['
-16089000,EXPRT,?,-74480186,?,624,20RG,MTY,57819000,4076,35919267,2672699026,?,'[2.17554E8,2.24119E8['
6953000,EXPRT,?,-7718388,?,3619,20RG,FCL,167950000,4103,179392908,2672787360,?,'[2.24119E8,3.11746E8['
-15959000,EXPRT,?,-75001437,?,624,20RG,MTY,58068000,4185,36674027,2672729528,?,'[3.11746E8,3.649E8['
-4965000,EXPRT,?,-72745600,?,624,40HC,FCL,57508000,4281,36108119,2672703969,?,'[5.20066E8,6.24443E8['
0,EXPRT,?,-35280039,?,5630,40HC,FCL,18239000,4185,69140555,2672750031,?,'[2.24119E8,3.11746E8['
-15083000,EXPRT,?,-70706507,?,624,20RG,MTY,53238000,4076,33919953,2672747668,?,'[2.13063E8,2.17554E8['
-910500,EXPRT,?,-50765361,?,6499,40HC,FCL,39048000,4103,80819371,2672903812,?,'[2.24119E8,3.11746E8['
-15247000,EXPRT,?,-72965076,?,624,20RG,MTY,57687000,1365373081,36291177,2672720058,?,'[1.058038E9,1.522382E9['
-16477000,EXPRT,?,-73690740,?,624,20RG,FCL,11609000,4037,33206055,2672722076,?,'[5.20066E8,6.24443E8['
-16163500,EXPRT,?,-74023116,?,624,40RG,FCL,10547000,4103,32860675,2672747691,?,'[5.20066E8,6.24443E8['
6560000,EXPRT,?,-14939925,?,3613,40HC,FCL,167389000,4281,180659758,2672881788,?,'[3.649E8,4.6604E8['
-16563500,EXPRT,?,-73263984,?,626,20RG,MTY,13539000,4185,34639034,2672853889,?,'[4.6604E8,5.20066E8['
-13281000,EXPRT,?,-72021502,?,624,20RG,MTY,57675000,4076,36271444,2672687870,?,'[2.17554E8,2.24119E8['
-1197000,EXPRT,?,-78533803,?,629,20RG,MTY,52978000,4047,50775770,2672650755,?,'[1.058038E9,1.522382E9['
117943000,EXPRT,?,32261203,?,3625,20RG,MTY,168931000,4047,176125386,2672796367,?,'[6.24443E8,1.058038E9['
-16572000,EXPRT,?,-73253808,?,626,20RG,FCL,13583000,4060,34590608,2672774034,?,'[5.20066E8,6.24443E8['
-856000,EXPRT,?,-52119175,?,6394,40HC,FCL,44061000,4103,80980156,2672903857,?,'[2.24119E8,3.11746E8['
-14919000,EXPRT,?,-71681424,?,624,40RG,MTY,10641000,4103,32547592,2672753831,?,'[3.11746E8,3.649E8['
-14153000,EXPRT,?,-70248886,?,624,20RG,MTY,33334000,4185,33532422,2672717993,?,'[3.11746E8,3.649E8['
-15313000,EXPRT,?,-72856001,?,624,20RG,MTY,14064000,4185,33438986,2672733714,?,'[3.11746E8,3.649E8['
-16448000,EXPRT,?,-73802049,?,624,40HC,FCL,12182000,4037,33631332,2672796610,?,'[5.20066E8,6.24443E8['
-14153000,EXPRT,?,-70283281,?,624,40HC,MTY,33291000,4185,33493561,2672739595,?,'[1.058038E9,1.522382E9['
-15247000,EXPRT,?,-71000019,?,624,20RG,MTY,55229500,4185,34093729,2672754547,?,'[3.11746E8,3.649E8['
-16448000,EXPRT,?,-73619330,?,624,20RG,MTY,12054000,4076,33426127,2672801978,?,'[7.8491E7,2.13063E8['
-16595500,EXPRT,?,-73070437,?,626,20RG,MTY,15275000,4185,35849947,2672775567,?,'[3.649E8,4.6604E8['
-16587500,EXPRT,?,-73932166,?,624,20RG,MTY,12092000,4076,33624477,2672797510,?,'[7.8491E7,2.13063E8['
-16448000,EXPRT,?,-73791358,?,624,20RG,MTY,11230000,4185,32975410,2672665698,?,'[4.6604E8,5.20066E8['
-16417000,EXPRT,?,-74025504,?,624,20RG,MTY,11021000,4076,33025501,2672794593,?,'[2.13063E8,2.17554E8['
6756500,EXPRT,?,-11161708,?,3619,20RG,FCL,168031000,4185,178715475,2672796565,?,'[2.24119E8,3.11746E8['
-15628000,EXPRT,?,-73365063,?,624,20RG,MTY,57627000,4185,35419448,2672732017,?,'[4.6604E8,5.20066E8['
-16444000,EXPRT,?,-73478516,?,624,20RG,MTY,12306000,4185,33663640,2672844496,?,'[4.6604E8,5.20066E8['
-16595500,EXPRT,?,-73178717,?,626,20RG,MTY,15382000,4185,35942000,2672689196,?,'[4.6604E8,5.20066E8['
0,EXPRT,?,-22208081,?,3876,20RG,MTY,168762000,4185,113729233,2672772405,?,'[7.8491E7,2.13063E8['
-16139000,EXPRT,?,-74020435,?,624,20RG,MTY,10505000,4103,32825754,2672778879,?,'[6.24443E8,1.058038E9['
-15898000,EXPRT,?,-75355347,?,624,20RG,MTY,57981000,4076,36578187,2672691798,?,'[2.17554E8,2.24119E8['
-15116000,EXPRT,?,-71726704,?,624,40HC,FCL,10593000,4076,32605093,2672757846,?,'[2.13063E8,2.17554E8['
-1206000,EXPRT,?,-77679952,?,624,20RG,MTY,56216000,4076,42299449,2672687234,?,'[2.17554E8,2.24119E8['
0,EXPRT,?,-40535221,?,10756,20RG,FCL,105601000,4185,103733728,2672901037,?,'[7.8491E7,2.13063E8['
-15928500,EXPRT,?,-73485264,?,624,40HC,FCL,10876000,4173,32791982,2672739683,?,'[3.649E8,4.6604E8['
-16563500,EXPRT,?,-73214532,?,626,20RG,MTY,13771000,4185,34691041,2672722047,?,'[4.6604E8,5.20066E8['
-16417000,EXPRT,?,-74038699,?,624,20RG,MTY,10990000,4103,32994194,2672791891,?,'[6.24443E8,1.058038E9['
-14095000,EXPRT,?,-70422826,?,624,20RG,FCL,52868500,4060,33569408,2672725106,?,'[5.20066E8,6.24443E8['
-15313000,EXPRT,?,-71488262,?,624,20RG,MTY,56860000,4076,34725246,2672716526,?,'[2.13063E8,2.17554E8['
3280000,EXPRT,?,-9229660,?,3619,40HC,FCL,168164500,4060,177851483,2672886742,?,'[3.649E8,4.6604E8['
-16555000,EXPRT,?,-73242566,?,626,40HC,MTY,13615000,4173,34635331,2672848780,?,'[3.649E8,4.6604E8['
-15475500,EXPRT,?,-78949314,?,624,20RG,MTY,56383000,1365373081,40194727,2672689044,?,'[1.058038E9,1.522382E9['
0,EXPRT,?,14851342,?,3632,20RG,MTY,169224000,4103,165584782,2672886996,?,'[5.20066E8,6.24443E8['
-14919000,EXPRT,?,-71015829,?,624,20RG,MTY,55165500,4185,34029734,2672754596,?,'[3.11746E8,3.649E8['
-15379000,EXPRT,?,-71273754,?,624,20RG,MTY,56597000,4076,34335301,2672717841,?,'[2.13063E8,2.17554E8['
-16537000,EXPRT,?,-73685940,?,624,40HC,FCL,12192000,4185,33398396,2672752880,?,'[7.8491E7,2.13063E8['
0,EXPRT,?,3929638,?,3646,20RG,FCL,169409000,4185,161164009,2672796372,?,'[2.24119E8,3.11746E8['
0,EXPRT,?,-20742942,?,4096,20RG,MTY,11460000,4185,95587741,2672775665,?,'[7.8491E7,2.13063E8['
-15489000,EXPRT,?,-72910709,?,624,20RG,MTY,14098000,4185,33472981,2672733668,?,'[3.11746E8,3.649E8['
-15898000,EXPRT,?,-75341134,?,624,20RG,MTY,57997000,4185,36587190,2672665854,?,'[3.11746E8,3.649E8['
-15684000,EXPRT,?,-72481897,?,624,20RG,MTY,12362000,1365373081,33152190,2672694811,?,'[1.058038E9,1.522382E9['
-16595500,EXPRT,?,-73102818,?,626,40RG,MTY,15126000,4173,35717818,2672873308,?,'[3.649E8,4.6604E8['
0,EXPRT,?,-487758,?,3659,20RG,MTY,169944500,4103,160080740,2672863096,?,'[5.20066E8,6.24443E8['
-16417000,EXPRT,?,-73411399,?,624,20RG,MTY,11455000,4185,33132573,2672731917,?,'[4.6604E8,5.20066E8['
-954000,EXPRT,?,-51658944,?,6499,40HC,FCL,33832500,4185,76026479,2672753166,?,'[2.24119E8,3.11746E8['
-856000,EXPRT,?,-50600824,?,6499,40HC,FCL,40811000,4103,82582434,2672905081,?,'[2.24119E8,3.11746E8['
-13281000,EXPRT,?,-73121080,?,624,20RG,MTY,57593000,4076,36189438,2672687823,?,'[2.17554E8,2.24119E8['
-15379000,EXPRT,?,-78766755,?,624,20RG,MTY,56350000,1365373081,41040052,2672689090,?,'NOT SET'
-805000,EXPRT,?,-48085421,?,6386,20RG,FCL,72969000,4060,109396175,2672757977,?,'[7.8491E7,2.13063E8['
-202000,EXPRT,?,-38882617,?,5724,20RG,FCL,18836000,4060,68073720,2672738861,?,'[2.24119E8,3.11746E8['
-16462500,EXPRT,?,-73587060,?,625,20OT,MTY,13131000,4047,34269686,2672842933,?,'[5.20066E8,6.24443E8['
-15313000,EXPRT,?,-71197525,?,624,40HC,FCL,56643000,4076,34551892,2672731913,?,'[2.13063E8,2.17554E8['
-15684000,EXPRT,?,-79236372,?,624,20RG,MTY,56440000,1365373081,41130029,2672688907,?,'[1.058038E9,1.522382E9['
-16563500,EXPRT,?,-73209499,?,626,20RG,MTY,13736000,4173,34677558,2672848727,?,'[3.649E8,4.6604E8['
-1199000,EXPRT,?,-77688523,?,624,20RG,MTY,54402000,4103,48276934,2672623565,?,'[6.24443E8,1.058038E9['
-16089000,EXPRT,?,-74774976,?,624,20RG,MTY,58108000,4076,36282623,2672699076,?,'[2.17554E8,2.24119E8['
-16537000,EXPRT,?,-73233706,?,626,20RG,FCL,14141000,4060,34884740,2672845388,?,'[3.649E8,4.6604E8['
-16462500,EXPRT,?,-74174687,?,624,20RG,MTY,11760000,4185,33271040,2672679261,?,'[4.6604E8,5.20066E8['
-16537000,EXPRT,?,-73173125,?,626,40HC,MTY,13952000,4173,34853661,2672857867,?,'[3.649E8,4.6604E8['
-15406000,EXPRT,?,-72414564,?,624,20RG,MTY,12054000,4076,33119072,2672779989,?,'[2.13063E8,2.17554E8['
-835500,EXPRT,?,-51455017,?,6394,40HC,FCL,47999000,4185,84917421,2672896701,?,'[2.24119E8,3.11746E8['
-15406000,EXPRT,?,-71811013,?,624,20RG,MTY,57574000,4076,35092344,2672711631,?,'[2.17554E8,2.24119E8['
-16448000,EXPRT,?,-73781168,?,624,20RG,FCL,12350000,4037,33785172,2672719087,?,'[5.20066E8,6.24443E8['
-15083000,EXPRT,?,-70542177,?,624,20RG,MTY,53173000,4185,33831939,2672646786,?,'[3.11746E8,3.649E8['
-15959000,EXPRT,?,-73927437,?,624,20RG,MTY,10416500,4076,32760403,2672794068,?,'[2.13063E8,2.17554E8['
-16611000,EXPRT,?,-73194281,?,626,20RG,MTY,15373000,4185,35933267,2672691864,?,'[4.6604E8,5.20066E8['
-15247000,EXPRT,?,-71032289,?,624,20RG,MTY,55209500,4076,34068099,2672727604,?,'[2.13063E8,2.17554E8['
-16444000,EXPRT,?,-73763999,?,624,40RH,MTY,11218000,4185,32988074,2672808651,?,'[1.058038E9,1.522382E9['
-15379000,EXPRT,?,-72324919,?,624,20RG,MTY,11991000,4076,33056389,2672781156,?,'[2.13063E8,2.17554E8['
-16462500,EXPRT,?,-73489365,?,624,20RG,MTY,11649000,4103,33177446,2672776934,?,'[6.24443E8,1.058038E9['
-4965000,EXPRT,?,-72774939,?,624,20RG,MTY,57484000,4076,36079346,2672684615,?,'[2.17554E8,2.24119E8['
0,EXPRT,?,-18283659,?,3610,20RG,MTY,166865000,4185,181290197,2672769298,?,'[3.11746E8,3.649E8['
-15959000,EXPRT,?,-74961698,?,624,20RG,MTY,58109000,4185,36715377,2672730433,?,'[3.11746E8,3.649E8['
-15959000,EXPRT,?,-73944158,?,624,20RG,MTY,10407500,4076,32751399,2672793957,?,'[2.13063E8,2.17554E8['
-15406000,EXPRT,?,-72426571,?,624,20RG,MTY,11855000,1365373081,32902484,2672692106,?,'[1.058038E9,1.522382E9['
